,Date,Trips over the past 24-hours (midnight to 11:59pm),Miles traveled today (midnight to 11:59 pm),24-Hour Passes Purchased (midnight to 11:59 pm),Total Annual Members (All Time),3-Day Passes Purchased (midnight to 11:59 pm)
0,1/1/2016,11009,24429,919,159362,
1,1/2/2016,14587,29093,877,159403,
2,1/3/2016,15499,29616,784,159459,
3,1/4/2016,19593,36172,166,159502,
4,1/5/2016,18053,32049,121,159534,
5,1/6/2016,24569,40996,265,159564,
6,1/7/2016,27773,45986,318,159588,
7,1/8/2016,28709,47061,364,159621,
8,1/9/2016,20846,37341,632,159654,
9,1/10/2016,14275,25404,391,159682,
10,1/11/2016,22937,37393,155,159731,
11,1/12/2016,25211,38958,151,159761,
12,1/13/2016,21133,31608,82,159792,
13,1/14/2016,23780,37295,123,159813,
14,1/15/2016,28435,45993,379,159841,
15,1/16/2016,19178,35791,803,159885,
16,1/17/2016,12024,20487,387,159910,
17,1/18/2016,12718,19998,123,159931,
18,1/19/2016,17281,26966,64,159957,
19,1/20/2016,23419,35477,126,159972,
20,1/21/2016,23671,36048,133,159991,
21,1/22/2016,20950,31344,115,160004,
22,1/23/2016,0,0,0,160005,
23,1/24/2016,0,0,0,160013,
24,1/25/2016,0,0,0,160020,
25,1/26/2016,0,0,0,160028,
26,1/27/2016,6760,13698,54,160039,
27,1/28/2016,11944,22314,81,160053,
28,1/29/2016,16028,26896,118,160064,
29,1/30/2016,12964,23350,328,160084,
30,1/31/2016,16112,31280,533,160118,
31,2/1/2016,24334,42380,202,160160,
32,2/2/2016,28527,47742,280,160189,
33,2/3/2016,16203,24225,63,160216,
34,2/4/2016,27765,47458,304,160247,
35,2/5/2016,13669,25538,102,160257,
36,2/6/2016,16933,38782,586,160280,
37,2/7/2016,17605,31524,622,160316,
38,2/8/2016,19026,28648,80,160335,
39,2/9/2016,22740,40198,156,160364,
40,2/10/2016,22418,38402,130,160395,
41,2/11/2016,18747,27783,87,160425,
42,2/12/2016,16445,27143,104,160450,
43,2/13/2016,6625,11589,46,160459,
44,2/14/2016,4652,6934,78,160468,
45,2/15/2016,5883,8747,43,160480,
46,2/16/2016,14225,27802,53,160505,
47,2/17/2016,23572,38304,182,160528,
48,2/18/2016,22261,34431,202,160550,
49,2/19/2016,21959,35317,268,160568,
50,2/20/2016,24484,53540,1710,160618,
51,2/21/2016,20052,41645,1228,160685,
52,2/22/2016,28233,48237,455,160749,
53,2/23/2016,16133,26379,62,160784,
54,2/24/2016,9761,14994,38,160814,
55,2/25/2016,25102,42707,237,160849,
56,2/26/2016,22574,36101,254,160887,
57,2/27/2016,17226,37583,706,160910,
58,2/28/2016,25440,61595,2335,160982,
59,2/29/2016,27957,47933,376,161089,
60,3/1/2016,30509,55160,470,161146,
61,3/2/2016,26195,43535,235,161198,
62,3/3/2016,24061,37848,215,161243,
63,3/4/2016,17369,29100,150,161268,
64,3/5/2016,18023,36875,785,161310,
65,3/6/2016,18832,36377,837,161379,
66,3/7/2016,31492,56232,633,161493,
67,3/8/2016,36521,67958,723,161604,
68,3/9/2016,41489,81662,1226,161732,
69,3/10/2016,42252,82079,1271,161867,
70,3/11/2016,38193,76636,1266,161987,
71,3/12/2016,32770,81491,3247,162086,
72,3/13/2016,27549,63214,2216,162214,
73,3/14/2016,10930,16498,70,162289,
74,3/15/2016,31595,57722,582,162380,
75,3/16/2016,36067,68713,930,162482,
76,3/17/2016,35390,65353,785,162583,
77,3/18/2016,34647,69122,933,162670,
78,3/19/2016,24048,49113,1411,162733,
79,3/20/2016,16676,29737,633,162795,
80,3/21/2016,26414,44457,428,162890,
81,3/22/2016,33496,62248,705,163000,
82,3/23/2016,40981,80289,1279,163136,
83,3/24/2016,36495,67590,1045,163216,
84,3/25/2016,34091,70525,1684,163320,
85,3/26/2016,27474,67267,2834,163407,
86,3/27/2016,22481,52462,2080,163501,
87,3/28/2016,20344,35548,375,163589,
88,3/29/2016,31481,55067,588,163681,
89,3/30/2016,33674,61264,769,163770,
90,3/31/2016,38192,79447,1141,163865,
0,1/1/17,16009,50761,1237,206624,33.0
1,1/2/17,8921,21545,142,206675,15.0
2,1/3/17,14198,25879,42,206728,15.0
3,1/4/17,34039,69966,475,206778,29.0
4,1/5/17,28393,52446,214,206845,17.0
5,1/6/17,24177,48964,157,206879,17.0
6,1/7/17,4425,23556,21,206892,4.0
7,1/8/17,6417,22756,27,206907,2.0
8,1/9/17,15856,35209,30,206933,2.0
9,1/10/17,23232,46216,67,206955,12.0
10,1/11/17,32419,63099,208,206981,37.0
11,1/12/17,39783,84763,479,207021,30.0
12,1/13/17,33611,75847,373,207059,43.0
13,1/14/17,13819,43090,252,207087,33.0
14,1/15/17,17384,50738,476,207120,19.0
15,1/16/17,24110,51664,448,207163,30.0
16,1/17/17,18646,40697,63,207198,15.0
17,1/18/17,30857,57978,146,207224,17.0
18,1/19/17,36561,72077,391,207262,27.0
19,1/20/17,26752,56479,184,207288,19.0
20,1/21/17,26610,64662,957,207336,31.0
21,1/22/17,20523,49368,520,207368,25.0
22,1/23/17,15822,37687,54,207399,20.0
23,1/24/17,13171,35619,28,207414,5.0
24,1/25/17,36931,71418,301,207453,29.0
25,1/26/17,33002,63750,223,207501,28.0
26,1/27/17,32394,70189,231,207540,23.0
27,1/28/17,21302,53955,402,207567,25.0
28,1/29/17,22527,62854,585,207620,26.0
29,1/30/17,29616,59975,163,207673,32.0
30,1/31/17,25169,48684,62,207706,19.0
31,2/1/17,35221,77639,194,207749,22.0
32,2/2/17,34517,70727,216,207793,27.0
33,2/3/17,29632,64701,181,207825,32.0
34,2/4/17,19204,45120,413,207861,14.0
35,2/5/17,20059,50532,337,207890,19.0
36,2/6/17,33415,72513,305,207930,49.0
37,2/7/17,23053,57760,54,207962,17.0
38,2/8/17,40428,90430,483,208011,32.0
39,2/9/17,0,0,0,208018,0.0
40,2/10/17,1997,8344,15,208030,1.0
41,2/11/17,8959,26272,170,208037,13.0
42,2/12/17,5801,26468,26,208054,5.0
43,2/13/17,23857,58710,72,208076,18.0
44,2/14/17,29668,78530,154,208099,16.0
45,2/15/17,32052,72383,170,208137,30.0
46,2/16/17,29120,63551,104,208163,16.0
47,2/17/17,28735,67530,247,208200,37.0
48,2/18/17,30571,99126,2078,208258,114.0
49,2/19/17,36963,125166,3746,208347,122.0
50,2/20/17,32292,91412,1512,208436,75.0
51,2/21/17,32643,84767,308,208516,48.0
52,2/22/17,38119,90651,439,208594,36.0
53,2/23/17,42434,98554,828,208658,88.0
54,2/24/17,47031,117155,1534,208767,119.0
55,2/25/17,33345,104309,2035,208886,77.0
56,2/26/17,24713,75196,849,208966,33.0
57,2/27/17,35984,80194,388,209035,42.0
58,2/28/17,41835,92642,504,209119,60.0
59,3/1/17,40592,85944,393,209229,51.0
60,3/2/17,35739,73839,320,209310,44.0
61,3/3/17,31105,68702,292,209370,39.0
62,3/4/17,15646,43108,252,209404,14.0
63,3/5/17,15919,50924,312,209451,22.0
64,3/6/17,32467,72776,321,209536,39.0
65,3/7/17,29683,63654,181,209587,29.0
66,3/8/17,43470,101573,694,209656,55.0
67,3/9/17,45251,99450,764,209728,34.0
68,3/10/17,18412,41971,95,209758,15.0
69,3/11/17,15185,48379,183,209781,27.0
70,3/12/17,13442,38114,167,209799,9.0
71,3/13/17,27417,58768,205,209827,14.0
72,3/14/17,0,0,0,209843,0.0
73,3/15/17,0,0,0,209859,0.0
74,3/16/17,0,0,0,209870,0.0
75,3/17/17,7098,25393,151,209888,15.0
76,3/18/17,4106,17446,93,209910,6.0
77,3/19/17,10550,33344,339,209943,21.0
78,3/20/17,27378,60363,288,210002,21.0
79,3/21/17,36824,78104,479,210073,47.0
80,3/22/17,26927,55713,140,210121,15.0
81,3/23/17,29885,74345,291,210160,25.0
82,3/24/17,34019,82681,485,210199,39.0
83,3/25/17,29647,86293,1721,210267,60.0
84,3/26/17,19893,55139,546,210318,30.0
85,3/27/17,26301,59614,318,210388,40.0
86,3/28/17,21590,46003,91,210448,20.0
87,3/29/17,42430,91525,830,210559,97.0
88,3/30/17,39746,91041,669,210623,61.0
89,3/31/17,6946,23462,20,210670,5.0
0,1/1/2018,5499,11483,123,253490,7.0
1,1/2/2018,18818,39352,125,253558,12.0
2,1/3/2018,24299,42853,164,253591,4.0
3,1/4/2018,1922,5328,2,253604,1.0
4,1/5/2018,4972,14303,14,253614,0.0
5,1/6/2018,4294,9479,9,253624,2.0
6,1/7/2018,5640,9387,41,253640,4.0
7,1/8/2018,15820,31294,45,253661,4.0
8,1/9/2018,25090,50981,112,253690,17.0
9,1/10/2018,28252,50218,142,253720,18.0
10,1/11/2018,33961,66584,244,253757,15.0
11,1/12/2018,22252,46403,152,253786,16.0
12,1/13/2018,17758,30418,355,253809,31.0
13,1/14/2018,12394,32949,183,253827,9.0
14,1/15/2018,17637,41770,150,253857,8.0
15,1/16/2018,30278,60053,189,253895,13.0
16,1/17/2018,19010,36319,52,253921,12.0
17,1/18/2018,27662,52573,92,253952,18.0
18,1/19/2018,30525,50322,216,253983,15.0
19,1/20/2018,28507,59336,1044,254025,41.0
20,1/21/2018,27908,61571,1013,254092,26.0
21,1/22/2018,36864,68638,345,254144,25.0
22,1/23/2018,28796,63693,179,254191,19.0
23,1/24/2018,36078,69596,232,254236,32.0
24,1/25/2018,31147,51927,181,254263,16.0
25,1/26/2018,33073,61857,313,254301,23.0
26,1/27/2018,34348,70146,1415,254368,41.0
27,1/28/2018,20100,38221,334,254415,22.0
28,1/29/2018,36799,68868,274,254466,33.0
29,1/30/2018,27996,59260,114,254492,15.0
30,1/31/2018,31276,54440,141,254539,19.0
31,2/1/2018,35561,66984,212,254590,27.0
32,2/2/2018,26313,50427,129,254620,18.0
33,2/3/2018,18385,40020,263,254640,23.0
34,2/4/2018,13959,35121,224,254670,7.0
35,2/5/2018,29068,56061,193,254725,21.0
36,2/6/2018,34102,68060,160,254760,18.0
37,2/7/2018,15289,31573,30,254781,4.0
38,2/8/2018,31563,60985,168,254806,20.0
39,2/9/2018,31567,57070,223,254833,25.0
40,2/10/2018,16323,37641,343,254857,26.0
41,2/11/2018,8809,21167,85,254877,2.0
42,2/12/2018,35138,68283,339,254922,40.0
43,2/13/2018,35189,69420,252,254968,31.0
44,2/14/2018,39591,80081,408,255002,39.0
45,2/15/2018,44193,88474,501,255044,28.0
46,2/16/2018,29191,57219,316,255088,37.0
47,2/17/2018,17921,38834,537,255118,51.0
48,2/18/2018,21537,50512,938,255151,40.0
49,2/19/2018,25677,62150,553,255217,50.0
50,2/20/2018,44478,98129,906,255306,85.0
51,2/21/2018,53110,118306,1596,255430,77.0
52,2/22/2018,27010,54857,147,255485,18.0
53,2/23/2018,25633,49639,165,255534,22.0
54,2/24/2018,25550,61251,956,255597,51.0
55,2/25/2018,16149,34052,231,255654,18.0
56,2/26/2018,42570,84614,448,255747,54.0
57,2/27/2018,48514,107682,664,255836,48.0
58,2/28/2018,50707,100855,637,255944,52.0
59,3/1/2018,45562,91489,571,256022,45.0
60,3/2/2018,6855,23277,21,256050,7.0
61,3/3/2018,28361,61107,851,256117,56.0
62,3/4/2018,25262,60490,704,256189,33.0
63,3/5/2018,36774,75190,357,256263,47.0
64,3/6/2018,42688,80995,516,256307,27.0
65,3/7/2018,8188,22312,16,256333,7.0
66,3/8/2018,28440,53403,188,256360,17.0
67,3/9/2018,34912,70068,344,256393,43.0
68,3/10/2018,25443,59343,689,256438,43.0
69,3/11/2018,27596,67622,1173,256517,46.0
70,3/12/2018,36339,76569,351,256578,39.0
71,3/13/2018,23137,46021,133,256623,14.0
72,3/14/2018,35377,62352,269,256673,39.0
73,3/15/2018,39572,72192,462,256724,66.0
74,3/16/2018,34921,62381,383,256763,55.0
75,3/17/2018,27671,62524,1015,256823,56.0
76,3/18/2018,25158,55182,839,256880,36.0
77,3/19/2018,39278,83086,544,256933,39.0
78,3/20/2018,35532,69573,187,256986,17.0
79,3/21/2018,3755,11799,3,257004,1.0
80,3/22/2018,27308,61715,216,257040,25.0
81,3/23/2018,38527,77668,543,257098,55.0
82,3/24/2018,34396,79562,1755,257167,88.0
83,3/25/2018,25562,62656,710,257226,24.0
84,3/26/2018,40295,88831,718,257315,87.0
85,3/27/2018,41354,88986,524,257378,63.0
86,3/28/2018,41880,80607,586,257447,64.0
87,3/29/2018,39288,84590,544,257501,65.0
88,3/30/2018,34784,78825,1006,257584,147.0
89,3/31/2018,41779,109399,3856,257701,151.0
0,1/1/19,22145,44131,2429,297823,49.0
1,1/2/19,38249,58975,1062,297908,36.0
2,1/3/19,42181,62500,969,297976,31.0
3,1/4/19,44420,65739,1173,298017,33.0
4,1/5/19,17636,24326,462,298048,8.0
5,1/6/19,31764,50481,1711,298094,31.0
6,1/7/19,36928,52310,514,298152,18.0
7,1/8/19,41728,60469,654,298218,23.0
8,1/9/19,44882,63480,646,298263,23.0
9,1/10/19,39449,53225,478,298299,13.0
10,1/11/19,33196,44226,465,298331,23.0
11,1/12/19,25431,35133,772,298361,26.0
12,1/13/19,23020,33018,700,298399,18.0
13,1/14/19,35408,48021,402,298439,9.0
14,1/15/19,39538,54751,511,298470,19.0
15,1/16/19,40854,56553,513,298510,7.0
16,1/17/19,39417,53430,463,298546,14.0
17,1/18/19,34478,47215,542,298574,27.0
18,1/19/19,23933,34580,865,298595,28.0
19,1/20/19,14440,19131,368,298616,8.0
20,1/21/19,10392,11911,141,298632,5.0
21,1/22/19,28913,37788,315,298665,14.0
22,1/23/19,42028,59442,526,298692,10.0
23,1/24/19,20328,27931,260,298721,7.0
24,1/25/19,39298,54567,621,298748,21.0
25,1/26/19,26607,38634,933,298778,18.0
26,1/27/19,30338,48280,1510,298828,19.0
27,1/28/19,36173,49109,448,298878,13.0
28,1/29/19,31355,42066,341,298919,12.0
29,1/30/19,25496,33178,263,298947,8.0
30,1/31/19,18882,22917,186,298975,8.0
31,2/1/19,25289,31752,255,298998,11.0
32,2/2/19,22280,30802,627,299032,19.0
33,2/3/19,32274,52757,1743,299103,24.0
34,2/4/19,47049,73262,1180,299172,42.0
35,2/5/19,54710,87917,1770,299249,42.0
36,2/6/19,39616,55696,754,299296,27.0
37,2/7/19,43840,62728,765,299341,22.0
38,2/8/19,36964,52442,864,299383,22.0
39,2/9/19,24041,33607,811,299409,10.0
40,2/10/19,24434,35873,935,299449,6.0
41,2/11/19,39197,54362,563,299493,20.0
42,2/12/19,16044,22190,150,299521,4.0
43,2/13/19,35523,48870,439,299551,21.0
44,2/14/19,42313,61381,773,299589,26.0
45,2/15/19,47524,74286,1590,299633,58.0
46,2/16/19,31347,52760,2030,299683,58.0
47,2/17/19,24287,39660,1439,299711,30.0
48,2/18/19,26176,37500,810,299757,17.0
49,2/19/19,35226,49024,595,299810,10.0
50,2/20/19,20694,28763,221,299835,15.0
51,2/21/19,40082,60375,961,299871,37.0
52,2/22/19,42338,61956,1097,299913,49.0
53,2/23/19,31956,49887,1635,299956,28.0
54,2/24/19,24503,37473,992,299993,19.0
55,2/25/19,34736,47207,495,300029,14.0
56,2/26/19,38126,52805,524,300067,23.0
57,2/27/19,37028,48666,464,300097,27.0
58,2/28/19,38784,53031,652,300157,30.0
59,3/1/19,30242,41583,522,300183,26.0
60,3/2/19,18001,27381,570,300213,25.0
61,3/3/19,23240,35764,1115,300264,22.0
62,3/4/19,28424,39154,563,300319,23.0
63,3/5/19,37103,50155,552,300367,24.0
64,3/6/19,33287,42845,376,300409,27.0
65,3/7/19,35913,46582,468,300450,15.0
66,3/8/19,40416,55748,852,300503,32.0
67,3/9/19,38929,68739,3010,300574,35.0
68,3/10/19,18897,28056,662,300611,16.0
69,3/11/19,52412,80705,1749,300691,56.0
70,3/12/19,47214,66518,1003,300757,40.0
71,3/13/19,50121,71556,1194,300825,42.0
72,3/14/19,57476,86864,1826,300904,82.0
73,3/15/19,57517,95073,2843,300987,119.0
74,3/16/19,42144,74307,3369,301086,97.0
75,3/17/19,36826,64440,2755,301187,73.0
76,3/18/19,46535,68775,1361,301278,54.0
77,3/19/19,52997,78320,1602,301381,49.0
78,3/20/19,55396,83442,1723,301476,58.0
79,3/21/19,21248,27005,342,301520,14.0
80,3/22/19,35477,49691,1076,301579,51.0
81,3/23/19,37379,61407,2693,301671,74.0
82,3/24/19,50318,100843,5896,301827,79.0
83,3/25/19,53463,79824,1562,301952,64.0
84,3/26/19,55421,81425,1715,302083,49.0
85,3/27/19,54483,78975,1583,302176,56.0
86,3/28/19,58538,87465,1966,302430,87.0
87,3/29/19,59324,91975,2573,302587,103.0
88,3/30/19,66672,144759,9151,302941,135.0
89,3/31/19,32768,52486,1916,303060,52.0
0,4/1/2016,34448,67595,1113,163963,0.0
1,4/2/2016,21838,46206,1193,164031,0.0
2,4/3/2016,15321,28615,448,164102,0.0
3,4/4/2016,12302,20143,49,164167,0.0
4,4/5/2016,26236,43723,341,164237,0.0
5,4/6/2016,29364,48901,443,164310,0.0
6,4/7/2016,30400,54591,280,164366,0.0
7,4/8/2016,30811,53039,542,164425,0.0
8,4/9/2016,12698,21151,346,164455,0.0
9,4/10/2016,23228,49190,1508,164536,0.0
10,4/11/2016,32048,59206,668,164632,0.0
11,4/12/2016,23765,43504,316,164703,0.0
12,4/13/2016,37538,71788,761,164790,0.0
13,4/14/2016,38502,88278,963,164885,0.0
14,4/15/2016,39676,86981,1273,164996,0.0
15,4/16/2016,36148,102228,3726,165139,0.0
16,4/17/2016,38838,115805,4348,165354,0.0
17,4/18/2016,43989,102730,1595,165576,0.0
18,4/19/2016,46075,107515,1130,165812,0.0
19,4/20/2016,44542,104249,1160,166002,0.0
20,4/21/2016,45568,104484,1307,166153,0.0
21,4/22/2016,48806,113556,4230,166319,0.0
22,4/23/2016,33631,96274,3309,166462,0.0
23,4/24/2016,37862,115132,4026,166692,0.0
24,4/25/2016,42303,100925,1698,166902,0.0
25,4/26/2016,34639,75454,741,167048,0.0
26,4/27/2016,41931,93272,1395,167196,0.0
27,4/28/2016,37428,74857,927,167311,0.0
28,4/29/2016,34878,78020,1051,167439,0.0
29,4/30/2016,38258,110776,4244,167638,0.0
30,5/1/2016,10697,29020,260,167721,0.0
31,5/2/2016,38536,84418,967,167842,0.0
32,5/3/2016,22858,57652,350,167987,0.0
33,5/4/2016,31619,67962,449,168111,0.0
34,5/5/2016,39903,80750,970,168262,0.0
35,5/6/2016,18860,42069,275,168326,0.0
36,5/7/2016,31078,78977,2293,168427,0.0
37,5/8/2016,31197,84464,2773,168582,0.0
38,5/9/2016,45724,103071,1389,168779,0.0
39,5/10/2016,44849,89755,876,168979,0.0
40,5/11/2016,51181,106139,1531,169209,0.0
41,5/12/2016,52273,115823,1971,169407,0.0
42,5/13/2016,32391,68317,855,169570,0.0
43,5/14/2016,42063,108807,4186,169769,0.0
44,5/15/2016,28662,64857,1865,169933,0.0
45,5/16/2016,42787,94791,1362,170102,0.0
46,5/17/2016,43396,80744,1012,170276,0.0
47,5/18/2016,44803,93320,1120,170465,0.0
48,5/19/2016,49184,104291,1471,170680,151.0
49,5/20/2016,52544,118192,2349,170960,184.0
50,5/21/2016,30524,72663,2174,171147,138.0
51,5/22/2016,37804,98270,3159,171349,131.0
52,5/23/2016,48578,109072,1549,171680,177.0
53,5/24/2016,34799,68156,696,171898,98.0
54,5/25/2016,53441,125803,1702,172154,191.0
55,5/26/2016,52134,124751,1646,172386,195.0
56,5/27/2016,46943,106768,1988,172638,221.0
57,5/28/2016,34233,95897,3634,172831,296.0
58,5/29/2016,36881,114069,4820,173090,161.0
59,5/30/2016,32627,94241,2782,173422,134.0
60,5/31/2016,49774,106059,1492,174137,212.0
61,6/1/2016,54662,127143,1513,174344,156.0
62,6/2/2016,54401,124918,1649,174516,162.0
63,6/3/2016,38975,85292,1023,174633,118.0
64,6/4/2016,40973,107610,3824,174797,159.0
65,6/5/2016,22395,54320,1133,174912,57.0
66,6/6/2016,52130,123879,1861,175118,208.0
67,6/7/2016,51761,114761,1331,175293,127.0
68,6/8/2016,42063,89460,673,175420,74.0
69,6/9/2016,52885,127585,1556,175557,168.0
70,6/10/2016,53235,119143,2022,175697,207.0
71,6/11/2016,40980,111784,3432,175901,126.0
72,6/12/2016,40636,117814,3335,176087,173.0
73,6/13/2016,49069,110720,1364,176273,200.0
74,6/14/2016,54813,116030,1471,176467,153.0
75,6/15/2016,55049,122197,1524,176711,154.0
76,6/16/2016,46198,100175,1104,176865,144.0
77,6/17/2016,54236,121671,2677,177053,155.0
78,6/18/2016,48901,143869,6432,177210,158.0
79,6/19/2016,45270,137558,5555,177370,151.0
80,6/20/2016,52247,119765,1488,177660,211.0
81,6/21/2016,53564,116215,1331,177895,144.0
82,6/22/2016,55749,119611,1476,178168,157.0
83,6/23/2016,53206,115262,1253,178354,160.0
84,6/24/2016,54186,123440,2142,178545,224.0
85,6/25/2016,43000,123815,4069,178715,176.0
86,6/26/2016,42992,117472,3784,178893,156.0
87,6/27/2016,47023,100253,1400,179061,164.0
88,6/28/2016,49593,99918,1099,179215,114.0
89,6/29/2016,54882,114793,1402,179403,128.0
90,6/30/2016,54843,125575,1571,179625,141.0
0,4/1/17,23849,67299,767,210739,43.0
1,4/2/17,39779,130087,3639,210915,58.0
2,4/3/17,43484,104217,970,211075,68.0
3,4/4/17,29990,63091,183,211171,23.0
4,4/5/17,47635,108281,1192,211310,59.0
5,4/6/17,18020,44411,67,211362,12.0
6,4/7/17,35779,81358,456,211440,43.0
7,4/8/17,35936,108886,2719,211589,83.0
8,4/9/17,43895,137240,4390,211806,114.0
9,4/10/17,50422,124356,2164,212050,139.0
10,4/11/17,57309,150222,2699,212298,135.0
11,4/12/17,51188,113959,1493,212484,108.0
12,4/13/17,52915,131228,2388,212648,129.0
13,4/14/17,52230,149382,3451,212812,273.0
14,4/15/17,42531,134526,3981,212950,235.0
15,4/16/17,48137,157912,6143,213172,361.0
16,4/17/17,53247,127619,2019,213385,234.0
17,4/18/17,53809,126129,1624,213580,194.0
18,4/19/17,45788,97587,738,213703,55.0
19,4/20/17,44260,108427,1065,213819,172.0
20,4/21/17,39868,92348,1194,213913,129.0
21,4/22/17,34596,101444,5173,214028,102.0
22,4/23/17,49106,142563,4541,214278,420.0
23,4/24/17,48692,103241,1143,214462,123.0
24,4/25/17,20332,47829,201,214552,36.0
25,4/26/17,37727,81859,595,214654,109.0
26,4/27/17,52035,122394,1412,214793,266.0
27,4/28/17,62199,163665,2963,214965,458.0
28,4/29/17,57701,180290,5699,215219,562.0
29,4/30/17,42928,125305,2921,215455,340.0
30,5/1/17,56218,136675,1813,215724,311.0
31,5/2/17,61205,142585,1827,216017,309.0
32,5/3/17,59251,141936,1537,216239,247.0
33,5/4/17,57428,144583,1626,216436,239.0
34,5/5/17,24009,58278,355,216535,52.0
35,5/6/17,46616,127879,3349,216768,363.0
36,5/7/17,34293,90625,1921,216928,196.0
37,5/8/17,51553,114260,1230,217147,253.0
38,5/9/17,56461,118257,1179,217341,199.0
39,5/10/17,58452,136080,1362,217512,225.0
40,5/11/17,57208,135699,1313,217673,205.0
41,5/12/17,56671,132477,1784,217840,189.0
42,5/13/17,5704,28193,117,217905,0.0
43,5/14/17,38729,114819,2664,218120,222.0
44,5/15/17,54715,129870,1279,218356,185.0
45,5/16/17,64504,157411,1850,218690,283.0
46,5/17/17,65791,153500,1864,219023,241.0
47,5/18/17,63753,149837,1929,219304,270.0
48,5/19/17,62143,145832,2310,219564,275.0
49,5/20/17,47858,135405,3486,219776,251.0
50,5/21/17,54873,160019,4903,220097,287.0
51,5/22/17,24627,61049,218,220269,22.0
52,5/23/17,60024,139680,1579,220513,224.0
53,5/24/17,60621,135482,1558,220735,153.0
54,5/25/17,17494,50743,143,220840,27.0
55,5/26/17,53763,133402,2224,221049,306.0
56,5/27/17,46533,145924,4590,221271,511.0
57,5/28/17,46724,151063,5229,221515,374.0
58,5/29/17,26321,75825,1149,221745,77.0
59,5/30/17,50192,114629,962,222057,204.0
60,5/31/17,59494,142097,1596,222764,197.0
61,6/1/17,67404,163063,1957,222977,289.0
62,6/2/17,66905,157299,2315,223162,357.0
63,6/3/17,56263,155712,4627,223356,356.0
64,6/4/17,40138,100571,2270,223520,103.0
65,6/5/17,55882,123795,1286,223719,204.0
66,6/6/17,41268,86679,523,223834,89.0
67,6/7/17,64452,149853,1536,223969,258.0
68,6/8/17,62652,132716,1631,224131,266.0
69,6/9/17,66504,156787,2513,224289,313.0
70,6/10/17,57086,150903,4764,224455,296.0
71,6/11/17,51427,140711,3941,224654,179.0
72,6/12/17,57870,133564,1561,224889,201.0
73,6/13/17,60920,129444,1407,225078,179.0
74,6/14/17,60510,137988,1573,225231,218.0
75,6/15/17,64761,144513,1885,225430,227.0
76,6/16/17,56401,128201,1507,225556,177.0
77,6/17/17,34899,83755,2243,225683,209.0
78,6/18/17,49469,138414,3730,225864,295.0
79,6/19/17,38308,88057,878,226025,158.0
80,6/20/17,64670,146794,1781,226220,215.0
81,6/21/17,67215,154525,1666,226394,258.0
82,6/22/17,66304,158453,1818,226589,260.0
83,6/23/17,55321,129797,1585,226695,205.0
84,6/24/17,52150,141282,4277,226849,314.0
85,6/25/17,54645,158625,4527,227015,256.0
86,6/26/17,62661,145321,2024,227211,297.0
87,6/27/17,64762,151112,1697,227418,229.0
88,6/28/17,67740,159263,1893,227679,208.0
89,6/29/17,64260,146419,1703,227855,210.0
90,6/30/17,58660,132583,2024,228047,293.0
0,4/1/18,33148,94040,2363,257811,264.0
1,4/2/18,22062,50418,297,257889,20.0
2,4/3/18,25883,59477,189,257942,21.0
3,4/4/18,36755,80049,611,258025,48.0
4,4/5/18,39814,87382,972,258086,112.0
5,4/6/18,35624,83643,918,258143,101.0
6,4/7/18,33245,79955,1661,258231,129.0
7,4/8/18,28410,67056,1271,258324,75.0
8,4/9/18,40509,87612,614,258423,62.0
9,4/10/18,43051,89629,475,258498,37.0
10,4/11/18,48612,104081,894,258599,114.0
11,4/12/18,53168,114400,1095,258754,146.0
12,4/13/18,63503,150894,3168,258926,262.0
13,4/14/18,62595,185232,7643,259171,346.0
14,4/15/18,20440,58497,525,259252,21.0
15,4/16/18,26288,65284,452,259344,31.0
16,4/17/18,44689,104884,589,259470,85.0
17,4/18/18,51110,112664,996,259583,152.0
18,4/19/18,38298,79890,407,259704,52.0
19,4/20/18,47049,101982,1241,259820,133.0
20,4/21/18,63594,179681,3142,260015,214.0
21,4/22/18,54282,149532,5399,260257,265.0
22,4/23/18,57764,131224,1976,260545,191.0
23,4/24/18,58523,126491,1529,260740,159.0
24,4/25/18,31213,63086,403,260861,36.0
25,4/26/18,66074,150788,2578,261062,294.0
26,4/27/18,39153,85566,823,261172,70.0
27,4/28/18,56735,158334,6129,261434,369.0
28,4/29/18,44825,130649,3594,261651,266.0
29,4/30/18,41074,91215,751,261874,66.0
30,5/1/18,72035,173896,3155,262154,390.0
31,5/2/18,76773,189852,3270,262535,329.0
32,5/3/18,69053,165326,2931,262816,282.0
33,5/4/18,71197,177291,3595,263103,360.0
34,5/5/18,63325,167568,6557,263371,334.0
35,5/6/18,48993,120205,3484,263632,289.0
36,5/7/18,68915,156297,2973,263992,311.0
37,5/8/18,74310,174749,3046,264308,356.0
38,5/9/18,78454,183295,3038,264589,303.0
39,5/10/18,67454,153260,2408,264852,275.0
40,5/11/18,75262,184114,4240,265052,314.0
41,5/12/18,34535,91563,2227,265150,92.0
42,5/13/18,25985,67247,1237,265260,58.0
43,5/14/18,64727,147144,2553,265465,273.0
44,5/15/18,52826,118790,1949,265682,186.0
45,5/16/18,32766,75694,493,265811,45.0
46,5/17/18,49788,107763,1755,265936,113.0
47,5/18/18,63112,146437,2663,266075,240.0
48,5/19/18,18026,45461,639,266135,53.0
49,5/20/18,56946,158983,5458,266399,304.0
50,5/21/18,71218,172936,3551,266669,267.0
51,5/22/18,48508,109420,1090,266868,103.0
52,5/23/18,72653,170812,2952,267098,294.0
53,5/24/18,74808,177631,3417,267330,294.0
54,5/25/18,69342,174715,4381,267536,336.0
55,5/26/18,51592,155957,6129,267703,417.0
56,5/27/18,25813,78075,1631,267815,82.0
57,5/28/18,49040,140226,5148,268037,267.0
58,5/29/18,69090,170334,2896,268305,249.0
59,5/30/18,72321,159297,2742,268645,216.0
60,5/31/18,55798,123710,1414,268998,101.0
61,6/1/18,62890,147780,3049,269167,250.0
62,6/2/18,60287,158528,5634,269371,307.0
63,6/3/18,50041,134416,3892,269544,154.0
64,6/4/18,58910,130774,2372,269763,166.0
65,6/5/18,71906,155007,2682,269934,199.0
66,6/6/18,69797,154726,2479,270119,173.0
67,6/7/18,70478,160532,2808,270274,198.0
68,6/8/18,72696,163188,3915,270455,283.0
69,6/9/18,65239,171623,6917,270657,292.0
70,6/10/18,41639,106867,3136,270825,112.0
71,6/11/18,68060,154381,3044,271146,243.0
72,6/12/18,76255,166828,3260,271364,215.0
73,6/13/18,64270,144934,2044,271541,104.0
74,6/14/18,75803,173109,3359,271708,227.0
75,6/15/18,72417,160081,4005,271883,296.0
76,6/16/18,63182,165240,7037,272071,339.0
77,6/17/18,56218,146611,5760,272306,232.0
78,6/18/18,63551,136481,2498,272522,206.0
79,6/19/18,72168,153883,2902,272780,230.0
80,6/20/18,74088,165836,2929,272950,231.0
81,6/21/18,70050,158375,3026,273114,262.0
82,6/22/18,71084,156062,3736,273291,263.0
83,6/23/18,51028,118620,4172,273422,207.0
84,6/24/18,55775,152057,5862,273615,232.0
85,6/25/18,71747,163026,3441,273820,221.0
86,6/26/18,80643,171973,3442,274006,254.0
87,6/27/18,67647,140557,2457,274165,183.0
88,6/28/18,50431,104860,1967,274290,154.0
89,6/29/18,69856,151785,3940,274467,326.0
90,6/30/18,54713,134347,5425,274628,360.0
0,4/1/19,51399,75072,1466,303223,76.0
1,4/2/19,57903,83399,1483,303386,73.0
2,4/3/19,67924,108780,3013,303552,79.0
3,4/4/19,66403,104268,2633,303699,87.0
4,4/5/19,34470,46930,812,303766,46.0
5,4/6/19,66532,143054,8852,303958,139.0
6,4/7/19,64713,138291,8191,304216,87.0
7,4/8/19,70514,123304,3804,304525,89.0
8,4/9/19,59336,86248,1684,304677,79.0
9,4/10/19,70988,112985,2845,304865,116.0
10,4/11/19,62430,93232,2222,305003,93.0
11,4/12/19,58010,92517,2811,305134,118.0
12,4/13/19,71500,159264,10443,305362,128.0
13,4/14/19,58474,123470,7263,305584,119.0
14,4/15/19,45663,71673,1816,305722,75.0
15,4/16/19,63323,106799,3197,305906,134.0
16,4/17/19,65249,109668,3276,306077,89.0
17,4/18/19,61568,98909,2845,306205,104.0
18,4/19/19,64939,120796,5782,306365,271.0
19,4/20/19,36785,68489,4049,306453,115.0
20,4/21/19,51869,114490,7439,306647,140.0
21,4/22/19,44112,71869,3426,306827,69.0
22,4/23/19,75443,143334,5928,307082,202.0
23,4/24/19,77736,144473,5868,307320,135.0
24,4/25/19,60834,101124,3569,307484,114.0
25,4/26/19,37121,55000,1387,307578,76.0
26,4/27/19,56442,111440,7022,307737,151.0
27,4/28/19,41204,68976,3338,307862,87.0
28,4/29/19,60801,98707,2829,308020,104.0
29,4/30/19,62668,99225,2715,308192,94.0
30,5/1/19,60904,93434,2285,308383,106.0
31,5/2/19,68714,115573,3763,308575,171.0
32,5/3/19,62410,100885,3452,308738,151.0
33,5/4/19,56025,114113,7286,308919,110.0
34,5/5/19,16169,25232,802,308988,16.0
35,5/6/19,69920,121887,4178,309187,166.0
36,5/7/19,72829,126637,4055,309356,124.0
37,5/8/19,76398,130821,4255,309530,131.0
38,5/9/19,66689,105721,2851,309646,130.0
39,5/10/19,68044,114830,4427,309790,163.0
40,5/11/19,69788,153674,10581,310021,133.0
41,5/12/19,10730,15759,475,310063,9.0
42,5/13/19,22300,29434,553,310141,19.0
43,5/14/19,42783,61756,1301,310248,73.0
44,5/15/19,74314,129217,4484,310395,140.0
45,5/16/19,77889,139278,5354,310590,174.0
46,5/17/19,72118,126992,5124,310760,167.0
47,5/18/19,73143,162302,11292,310992,227.0
48,5/19/19,69920,154638,10321,311245,193.0
49,5/20/19,74494,133696,5225,311495,173.0
50,5/21/19,79261,139284,5088,311686,160.0
51,5/22/19,82021,144186,5431,311888,153.0
52,5/23/19,56578,93244,3527,312082,121.0
53,5/24/19,74866,141169,7322,312276,245.0
54,5/25/19,59492,136772,10682,312484,279.0
55,5/26/19,49950,118192,9325,312648,145.0
56,5/27/19,66595,160750,12124,312896,136.0
57,5/28/19,59435,97330,2992,313092,96.0
58,5/29/19,55098,87647,2952,313251,111.0
59,5/30/19,52484,84325,2831,313402,129.0
60,5/31/19,83347,156832,7586,313606,261.0
61,6/1/19,76416,164956,12153,313815,214.0
62,6/2/19,67288,147247,10419,314051,144.0
63,6/3/19,77678,141960,6027,314327,152.0
64,6/4/19,83301,150076,6422,314642,168.0
65,6/5/19,78791,134998,5166,314889,143.0
66,6/6/19,81323,143619,6138,315121,183.0
67,6/7/19,82908,150312,7530,315337,256.0
68,6/8/19,78074,175352,13831,315583,206.0
69,6/9/19,73954,167597,12833,315861,121.0
70,6/10/19,37019,54769,1566,316007,44.0
0,7/1/16,39665,82871,1316,179756,139.0
1,7/2/16,35835,111151,3596,179903,314.0
2,7/3/16,35347,111116,4095,180016,169.0
3,7/4/16,34859,109745,3826,180158,155.0
4,7/5/16,43736,92107,1357,180338,160.0
5,7/6/16,51336,109240,1288,180540,153.0
6,7/7/16,48724,99975,1255,180725,113.0
7,7/8/16,44400,91632,1258,180852,152.0
8,7/9/16,38138,107359,2844,180990,145.0
9,7/10/16,41985,123282,3280,181172,137.0
10,7/11/16,52853,122260,1440,181381,211.0
11,7/12/16,56515,120414,1472,181571,192.0
12,7/13/16,55471,121029,1510,181748,146.0
13,7/14/16,50345,108541,1326,181877,126.0
14,7/15/16,48558,104701,1709,182016,173.0
15,7/16/16,38405,103429,3281,182144,122.0
16,7/17/16,41346,120635,3440,182314,153.0
17,7/18/16,43681,97216,1062,182488,154.0
18,7/19/16,54587,116806,1498,182624,139.0
19,7/20/16,57213,128799,1601,182792,158.0
20,7/21/16,54832,128476,1553,182950,161.0
21,7/22/16,49185,105666,1701,183072,176.0
22,7/23/16,37522,101810,2932,183177,138.0
23,7/24/16,39634,113680,2966,183332,114.0
24,7/25/16,35376,85145,920,183473,150.0
25,7/26/16,52904,108783,1385,183595,168.0
26,7/27/16,54148,115744,1403,183731,132.0
27,7/28/16,50134,98694,1292,183846,123.0
28,7/29/16,37693,81355,1441,183937,162.0
29,7/30/16,27780,72197,2242,184039,112.0
30,7/31/16,27651,70377,1641,184157,82.0
31,8/1/16,49395,101134,1359,184325,166.0
32,8/2/16,56744,116187,1636,184558,181.0
33,8/3/16,56992,118370,1827,184766,143.0
34,8/4/16,56587,118563,1778,184960,148.0
35,8/5/16,53286,116534,2012,185186,185.0
36,8/6/16,44209,125188,4159,185436,153.0
37,8/7/16,43631,116183,3856,185682,149.0
38,8/8/16,52251,115847,1753,185956,184.0
39,8/9/16,56101,114892,1701,186223,165.0
40,8/10/16,50100,101761,1158,186401,109.0
41,8/11/16,47420,93639,1238,186596,152.0
42,8/12/16,44729,90685,1467,186771,144.0
43,8/13/16,38903,100035,3333,186990,125.0
44,8/14/16,32961,74055,2154,187173,91.0
45,8/15/16,49056,107305,1417,187394,175.0
46,8/16/16,50411,103010,1295,187601,164.0
47,8/17/16,53983,113583,1430,187820,138.0
48,8/18/16,53209,115041,1459,187998,163.0
49,8/19/16,51658,110723,1862,188186,175.0
50,8/20/16,45808,138864,4385,188499,167.0
51,8/21/16,35041,96941,2664,188725,127.0
52,8/22/16,54201,118995,1679,188996,192.0
53,8/23/16,58665,127012,1675,189297,170.0
54,8/24/16,58134,127066,1597,189577,160.0
55,8/25/16,53480,111985,1436,189856,169.0
56,8/26/16,52026,112005,1878,190156,197.0
57,8/27/16,45673,120578,3767,190480,173.0
58,8/28/16,44639,121056,3560,190844,159.0
59,8/29/16,53279,115101,1530,191255,174.0
60,8/30/16,57392,121098,1510,191713,160.0
61,8/31/16,57200,118815,1320,192380,136.0
62,9/1/16,38174,77415,714,192592,104.0
63,9/2/16,52999,126790,2314,192814,252.0
64,9/3/16,41629,117476,4009,193055,268.0
65,9/4/16,46020,140347,5467,193326,185.0
66,9/5/16,45431,118022,3778,193677,190.0
67,9/6/16,52432,108743,1018,194065,178.0
68,9/7/16,60278,130391,1328,194396,199.0
69,9/8/16,61551,130259,1511,194674,179.0
70,9/9/16,56804,118213,1582,194908,178.0
71,9/10/16,48454,127252,3549,195189,229.0
72,9/11/16,52238,136353,3572,195499,216.0
73,9/12/16,61083,127447,1620,195832,225.0
74,9/13/16,64818,135366,1462,196122,198.0
75,9/14/16,58928,121511,1369,196388,157.0
76,9/15/16,67312,140436,1612,196637,240.0
77,9/16/16,65257,145454,2047,196886,225.0
78,9/17/16,59199,154037,5117,197163,210.0
79,9/18/16,51685,131788,3191,197449,159.0
80,9/19/16,34205,67180,555,197620,101.0
81,9/20/16,64881,135085,1454,197880,200.0
82,9/21/16,65453,142356,1566,198118,182.0
83,9/22/16,67762,146370,1681,198363,207.0
84,9/23/16,65499,142458,2053,198577,248.0
85,9/24/16,53258,137355,3990,198827,212.0
86,9/25/16,53563,143312,3871,199198,169.0
87,9/26/16,61120,128011,1375,199480,170.0
88,9/27/16,61334,122347,1175,199739,150.0
89,9/28/16,59456,120072,931,199989,107.0
90,9/29/16,55550,104364,808,200201,131.0
91,9/30/16,21368,45194,175,200447,20.0
0,7/1/17,36737,107126,2828,228157,372.0
1,7/2/17,43035,128397,4314,228306,458.0
2,7/3/17,48193,130240,3243,228473,316.0
3,7/4/17,49924,146441,4929,228669,315.0
4,7/5/17,60321,149487,1886,228908,267.0
5,7/6/17,62147,140767,1646,229085,264.0
6,7/7/17,44068,103656,1283,229241,216.0
7,7/8/17,55015,146438,4138,229453,333.0
8,7/9/17,57118,159914,4471,229680,340.0
9,7/10/17,60908,141463,1546,229933,359.0
10,7/11/17,61670,141463,1269,230159,227.0
11,7/12/17,61786,132874,1376,230336,179.0
12,7/13/17,56475,126527,1322,230514,180.0
13,7/14/17,31851,70477,570,230610,101.0
14,7/15/17,56499,148067,4761,230772,378.0
15,7/16/17,56833,153666,4497,230981,308.0
16,7/17/17,62555,141323,1675,231225,289.0
17,7/18/17,66234,144623,1724,231416,243.0
18,7/19/17,63916,143277,1617,231603,267.0
19,7/20/17,59665,131871,1439,231741,229.0
20,7/21/17,60074,136330,1929,231882,304.0
21,7/22/17,48013,124272,3634,232049,332.0
22,7/23/17,46945,117035,3164,232212,249.0
23,7/24/17,43793,104460,989,232359,113.0
24,7/25/17,65339,148542,1549,232521,285.0
25,7/26/17,70329,168603,2054,232674,248.0
26,7/27/17,65773,144443,1666,232820,214.0
27,7/28/17,63911,151514,2293,232984,297.0
28,7/29/17,52955,132509,4085,233138,324.0
29,7/30/17,59364,165423,5214,233360,376.0
30,7/31/17,64231,153123,1862,233614,263.0
31,8/1/17,66676,147654,1813,233824,272.0
32,8/2/17,56179,122622,3291,233958,139.0
33,8/3/17,66144,146858,1849,234160,257.0
34,8/4/17,56391,128749,2212,234312,325.0
35,8/5/17,58966,169511,5299,234524,415.0
36,8/6/17,56473,161492,4686,234715,292.0
37,8/7/17,23395,55927,249,234851,34.0
38,8/8/17,65228,145901,1738,235084,331.0
39,8/9/17,67874,170524,1952,235283,300.0
40,8/10/17,66245,151415,1834,235457,262.0
41,8/11/17,63134,147098,2360,235623,358.0
42,8/12/17,60531,173581,5409,235890,405.0
43,8/13/17,57511,162040,4755,236098,337.0
44,8/14/17,61460,139535,1816,236328,294.0
45,8/15/17,52460,105695,948,236504,125.0
46,8/16/17,68434,159032,1905,236681,251.0
47,8/17/17,66654,156810,2087,236872,261.0
48,8/18/17,36619,90704,840,236984,124.0
49,8/19/17,62440,186037,5992,237324,461.0
50,8/20/17,55438,147379,4218,237518,313.0
51,8/21/17,61055,138059,1832,237710,277.0
52,8/22/17,60541,133409,1477,237878,260.0
53,8/23/17,65069,141360,1712,238057,219.0
54,8/24/17,66306,151449,1820,238257,315.0
55,8/25/17,64217,156344,2316,238406,325.0
56,8/26/17,50111,132832,3621,238546,214.0
57,8/27/17,54594,145524,4135,238771,278.0
58,8/28/17,60885,133126,1616,239016,272.0
59,8/29/17,35151,67448,424,239163,104.0
60,8/30/17,65328,147325,1760,239347,309.0
61,8/31/17,64881,144852,1727,239519,260.0
62,9/1/17,54881,129382,1775,239653,294.0
63,9/2/17,37810,107949,3359,239785,420.0
64,9/3/17,30955,83988,2394,239906,175.0
65,9/4/17,55284,164623,5298,240126,362.0
66,9/5/17,65443,140362,1607,240378,265.0
67,9/6/17,42318,86395,445,240541,90.0
68,9/7/17,69571,148669,1542,240750,356.0
69,9/8/17,69616,154397,1976,240903,322.0
70,9/9/17,60187,150847,4196,241108,272.0
71,9/10/17,60750,154588,4056,241329,301.0
72,9/11/17,71964,166177,1992,241563,276.0
73,9/12/17,74623,161263,1737,241775,238.0
74,9/13/17,69616,146802,1471,241991,199.0
75,9/14/17,72128,150535,1551,242211,244.0
76,9/15/17,72361,160138,2088,242393,323.0
77,9/16/17,61077,156839,4304,242552,297.0
78,9/17/17,60003,156834,3869,242748,229.0
79,9/18/17,64207,138078,1387,242968,190.0
80,9/19/17,57977,115451,914,243128,146.0
81,9/20/17,71222,150377,1385,243309,202.0
82,9/21/17,67799,152463,1690,243503,191.0
83,9/22/17,70192,163114,2315,243715,259.0
84,9/23/17,62748,165582,4821,243967,322.0
85,9/24/17,57503,148926,3681,244277,176.0
86,9/25/17,69271,156367,1537,244551,258.0
87,9/26/17,71566,156779,1359,244809,257.0
88,9/27/17,69942,147977,1268,245051,200.0
89,9/28/17,70951,148394,1490,245299,224.0
90,9/29/17,67246,141709,1875,245558,288.0
91,9/30/17,50200,113613,2694,245923,214.0
0,7/1/18,45265,120484,4209,274813,211.0
1,7/2/18,58633,130122,2702,275016,241.0
2,7/3/18,54882,113998,2358,275157,199.0
3,7/4/18,48368,136287,5662,275304,250.0
4,7/5/18,59471,133659,3344,275487,264.0
5,7/6/18,49504,111660,2650,275614,189.0
6,7/7/18,60916,173852,7284,275793,349.0
7,7/8/18,60486,171826,6667,275988,310.0
8,7/9/18,70063,153650,3103,276203,283.0
9,7/10/18,72501,147441,2999,276399,227.0
10,7/11/18,73011,163349,3049,276553,170.0
11,7/12/18,74857,161182,3520,276703,231.0
12,7/13/18,72113,156285,3998,276858,294.0
13,7/14/18,62556,157266,7241,277000,334.0
14,7/15/18,52295,132234,5121,277133,248.0
15,7/16/18,67072,146307,3101,277344,278.0
16,7/17/18,48495,97913,1558,277466,129.0
17,7/18/18,75706,169481,3578,277703,247.0
18,7/19/18,78004,141327,3938,277891,280.0
19,7/20/18,74539,136511,4590,278052,275.0
20,7/21/18,53651,114977,6266,278195,309.0
21,7/22/18,44284,87253,4316,278338,244.0
22,7/23/18,53074,88170,2277,278458,152.0
23,7/24/18,69754,117924,2957,278651,162.0
24,7/25/18,42988,66587,1474,278742,124.0
25,7/26/18,71065,122885,3321,278874,252.0
26,7/27/18,49224,82987,2526,278993,251.0
27,7/28/18,61543,129505,7004,279147,361.0
28,7/29/18,63472,137343,7244,279321,250.0
29,7/30/18,69512,123639,3490,279509,333.0
30,7/31/18,76253,134233,3637,279702,246.0
31,8/1/18,64467,106881,2673,279888,185.0
32,8/2/18,69711,118282,2998,280110,217.0
33,8/3/18,61962,105765,3145,280279,247.0
34,8/4/18,51200,104541,5352,280498,198.0
35,8/5/18,58379,122656,6289,280721,309.0
36,8/6/18,65686,112585,3022,280922,281.0
37,8/7/18,64351,106678,2640,281097,201.0
38,8/8/18,70577,120473,2911,281275,267.0
39,8/9/18,71976,124150,3379,281441,238.0
40,8/10/18,69617,123534,4266,281572,280.0
41,8/11/18,36607,69505,2994,281689,141.0
42,8/12/18,59834,125265,6407,281881,281.0
43,8/13/18,44273,70501,1563,281991,82.0
44,8/14/18,63733,107144,2592,282169,211.0
45,8/15/18,73124,128453,3565,282317,266.0
46,8/16/18,70825,123444,3511,282471,276.0
47,8/17/18,63316,109405,3563,282583,232.0
48,8/18/18,57284,125508,6672,282795,351.0
49,8/19/18,45874,86651,3926,282943,155.0
50,8/20/18,67589,118793,3312,283162,224.0
51,8/21/18,75214,132261,3683,283358,257.0
52,8/22/18,72614,125978,3366,283543,225.0
53,8/23/18,73877,130310,3975,283720,331.0
54,8/24/18,72894,132952,4794,283884,320.0
55,8/25/18,64683,140537,7535,284066,345.0
56,8/26/18,60954,132223,6928,284268,302.0
57,8/27/18,67630,116967,3350,284457,242.0
58,8/28/18,66638,110486,2814,284667,150.0
59,8/29/18,65903,107006,2766,284791,171.0
60,8/30/18,67900,113385,3218,284938,164.0
61,8/31/18,58922,97818,3186,285087,180.0
62,9/1/18,54318,116904,6711,285245,439.0
63,9/2/18,60828,140923,5562,285368,292.0
64,9/3/18,55067,117164,6239,285609,279.0
65,9/4/18,68655,114264,2793,285867,215.0
66,9/5/18,74981,124919,2934,286102,191.0
67,9/6/18,70264,113123,2678,286304,207.0
68,9/7/18,74586,127470,3523,286475,227.0
69,9/8/18,58284,111254,5442,286637,270.0
70,9/9/18,19950,30544,895,286752,16.0
71,9/10/18,23949,32472,463,286847,26.0
72,9/11/18,66552,109380,2456,286985,193.0
73,9/12/18,53241,82748,1650,287120,115.0
74,9/13/18,74054,123401,2874,287262,197.0
75,9/14/18,74330,128288,3623,287412,298.0
76,9/15/18,71185,149524,7570,287622,353.0
77,9/16/18,69515,150281,7410,287897,270.0
78,9/17/18,71340,118809,2914,288137,162.0
79,9/18/18,53077,82768,1433,288266,74.0
80,9/19/18,74372,129089,3529,288450,290.0
81,9/20/18,76803,129385,3130,288599,235.0
82,9/21/18,74940,128273,3677,288719,224.0
83,9/22/18,69133,142121,7511,289160,298.0
84,9/23/18,55494,104944,4716,289370,184.0
85,9/24/18,71631,115888,2615,289524,289.0
86,9/25/18,25430,35795,506,289591,65.0
87,9/26/18,68007,110772,2423,289698,296.0
88,9/27/18,75370,126480,3044,289829,399.0
89,9/28/18,57230,90249,1986,289911,296.0
90,9/29/18,69321,145920,6960,290170,906.0
91,9/30/18,66224,139423,6367,290467,675.0
0,10/1/2016,39809,91771,2017,200544,133.0
1,10/2/2016,41018,100425,2147,200664,119.0
2,10/3/2016,56369,116682,1514,200829,183.0
3,10/4/2016,60196,123551,1035,200954,144.0
4,10/5/2016,65031,126942,1240,201115,160.0
5,10/6/2016,67580,137567,1580,201234,205.0
6,10/7/2016,65881,142612,2398,201369,222.0
7,10/8/2016,34624,86818,2002,201485,160.0
8,10/9/2016,21687,46334,713,201539,56.0
9,10/10/2016,52248,107487,2013,201664,163.0
10,10/11/2016,58754,113228,1172,201761,142.0
11,10/12/2016,57497,119851,1170,201880,153.0
12,10/13/2016,61209,117523,1064,201984,168.0
13,10/14/2016,60561,123000,1592,202090,183.0
14,10/15/2016,51991,138233,3904,202215,207.0
15,10/16/2016,48866,126550,3195,202343,172.0
16,10/17/2016,62649,132131,1447,202502,236.0
17,10/18/2016,68224,143635,1656,202653,194.0
18,10/19/2016,69758,145347,1902,202772,164.0
19,10/20/2016,63668,131686,1377,202893,198.0
20,10/21/2016,40865,80787,724,202960,102.0
21,10/22/2016,25301,55557,658,203019,45.0
22,10/23/2016,41462,99878,2616,203137,134.0
23,10/24/2016,55254,106893,1145,203269,146.0
24,10/25/2016,52667,96848,716,203349,102.0
25,10/26/2016,52466,103870,809,203410,85.0
26,10/27/2016,21054,39660,101,203449,23.0
27,10/28/2016,46233,89857,766,203492,111.0
28,10/29/2016,42513,103274,2615,203579,153.0
29,10/30/2016,37760,107572,2971,203697,114.0
30,10/31/2016,50071,107875,1090,203787,123.0
31,11/1/2016,55944,110056,868,203888,105.0
32,11/2/2016,62133,133258,1242,203993,141.0
33,11/3/2016,59632,124673,943,204108,174.0
34,11/4/2016,57867,126507,1538,204195,207.0
35,11/5/2016,48687,128639,3416,204301,177.0
36,11/6/2016,39413,104186,2293,204428,97.0
37,11/7/2016,49883,106484,972,204520,119.0
38,11/8/2016,56589,123718,1137,204616,107.0
39,11/9/2016,38050,75883,257,204660,40.0
40,11/10/2016,50863,111472,813,204728,139.0
41,11/11/2016,45826,105021,1248,204802,165.0
42,11/12/2016,34664,86968,1916,204865,114.0
43,11/13/2016,36806,95679,2076,204958,95.0
44,11/14/2016,48810,113590,728,205034,97.0
45,11/15/2016,22884,48797,105,205073,16.0
46,11/16/2016,53328,107831,703,205170,113.0
47,11/17/2016,53889,109418,711,205231,106.0
48,11/18/2016,53370,109802,1051,205286,125.0
49,11/19/2016,41208,98021,2272,205376,87.0
50,11/20/2016,20616,45772,350,205407,34.0
51,11/21/2016,32964,69754,148,205449,38.0
52,11/22/2016,36723,72592,290,205479,35.0
53,11/23/2016,34462,73005,481,205501,56.0
54,11/24/2016,12122,42343,641,205518,73.0
55,11/25/2016,20980,62444,1011,205545,67.0
56,11/26/2016,23810,65654,1356,205572,44.0
57,11/27/2016,24076,74381,945,205607,31.0
58,11/28/2016,42086,83300,485,205667,42.0
59,11/29/2016,14584,30989,48,205696,9.0
60,11/30/2016,24434,52424,117,205729,10.0
61,12/1/2016,43233,90239,389,205762,58.0
62,12/2/2016,42358,89092,440,205794,52.0
63,12/3/2016,29853,70853,854,205824,58.0
64,12/4/2016,27454,71729,930,205857,28.0
65,12/5/2016,35927,80214,278,205897,38.0
66,12/6/2016,33325,67187,228,205939,26.0
67,12/7/2016,38010,76605,270,205967,18.0
68,12/8/2016,39621,72219,235,205998,23.0
69,12/9/2016,33540,63950,214,206021,31.0
70,12/10/2016,22379,52716,490,206033,20.0
71,12/11/2016,17798,41740,287,206049,6.0
72,12/12/2016,29035,58701,175,206066,14.0
73,12/13/2016,39023,68858,299,206090,21.0
74,12/14/2016,37799,71798,257,206130,16.0
75,12/15/2016,25002,45840,80,206145,13.0
76,12/16/16,24484,48288,139,206171,11.0
77,12/17/16,6993,22363,36,206176,7.0
78,12/18/16,16295,38459,168,206200,14.0
79,12/19/16,25648,50405,119,206225,12.0
80,12/20/16,27677,50408,202,206250,22.0
81,12/21/16,30611,55746,244,206270,20.0
82,12/22/16,30874,56441,302,206293,18.0
83,12/23/16,26335,53318,399,206320,27.0
84,12/24/16,8014,28033,147,206334,10.0
85,12/25/16,9919,38209,1052,206369,43.0
86,12/26/16,10774,32446,315,206400,27.0
87,12/27/16,25946,61379,960,206450,68.0
88,12/28/16,23596,52937,619,206476,38.0
89,12/29/16,13202,29631,104,206503,8.0
90,12/30/16,21366,45743,641,206543,49.0
91,12/31/16,15925,46810,798,206585,33.0
0,10/1/17,55503,139011,3511,246193,235.0
1,10/2/17,65509,141748,1408,246402,242.0
2,10/3/17,69105,135800,1258,246566,194.0
3,10/4/17,71453,150324,1377,246742,188.0
4,10/5/17,70173,150437,1365,246893,251.0
5,10/6/17,70249,148395,2104,247025,383.0
6,10/7/17,63630,153928,4996,247206,356.0
7,10/8/17,41039,100790,2233,247336,192.0
8,10/9/17,38390,78912,594,247453,84.0
9,10/10/17,74117,155978,2016,247615,312.0
10,10/11/17,63587,126748,1146,247767,161.0
11,10/12/17,61244,123433,1070,247896,169.0
12,10/13/17,67016,136608,1768,248038,308.0
13,10/14/17,58771,142476,3680,248167,347.0
14,10/15/17,56529,137364,3381,248382,276.0
15,10/16/17,61729,125800,997,248552,192.0
16,10/17/17,64480,122345,1030,248712,170.0
17,10/18/17,70233,147842,1202,248878,249.0
18,10/19/17,72311,143664,1491,249016,274.0
19,10/20/17,72174,157255,2246,249162,351.0
20,10/21/17,65872,169402,5093,249378,276.0
21,10/22/17,62148,153444,4596,249596,200.0
22,10/23/17,69273,143899,1659,249825,279.0
23,10/24/17,48077,95599,466,249930,82.0
24,10/25/17,71284,142007,1133,250090,246.0
25,10/26/17,64002,123419,973,250187,191.0
26,10/27/17,69265,139481,1991,250319,352.0
27,10/28/17,61345,143571,4306,250499,317.0
28,10/29/17,9537,20810,213,250556,8.0
29,10/30/17,49246,95502,771,250681,121.0
30,10/31/17,60242,115329,1076,250892,166.0
31,11/1/17,60772,111304,717,250975,125.0
32,11/2/17,70810,144455,1485,251060,291.0
33,11/3/17,71817,147055,2275,251163,335.0
34,11/4/17,53433,120119,3086,251269,243.0
35,11/5/17,34943,76281,1263,251349,80.0
36,11/6/17,57606,116318,1052,251433,133.0
37,11/7/17,36361,69588,643,251487,77.0
38,11/8/17,54211,107852,597,251537,95.0
39,11/9/17,58416,113119,837,251591,171.0
40,11/10/17,38432,74794,425,251614,82.0
41,11/11/17,28142,55350,832,251657,64.0
42,11/12/17,32471,73187,1191,251699,62.0
43,11/13/17,38752,72112,314,251751,47.0
44,11/14/17,52278,95328,493,251802,59.0
45,11/15/17,54230,104590,524,251842,70.0
46,11/16/17,49737,93532,521,251884,74.0
47,11/17/17,48989,93476,712,251928,74.0
48,11/18/17,27745,58136,872,251965,53.0
49,11/19/17,31597,66078,1020,252008,64.0
50,11/20/17,45120,85295,501,252041,49.0
51,11/21/17,52448,95288,960,252075,69.0
52,11/22/17,32297,69530,458,252103,64.0
53,11/23/17,13705,32527,806,252115,103.0
54,11/24/17,23723,64012,1129,252151,95.0
55,11/25/17,30510,73542,1995,252184,85.0
56,11/26/17,27180,60652,904,252227,63.0
57,11/27/17,46732,99410,553,252277,46.0
58,11/28/17,51166,97329,455,252316,58.0
59,11/29/17,55290,107040,638,252365,71.0
60,11/30/17,51699,97110,509,252414,83.0
61,12/1/17,50708,99868,695,252473,123.0
62,12/2/17,38922,83660,1513,252514,100.0
63,12/3/17,33728,77915,1037,252561,66.0
64,12/4/17,49630,92142,649,252618,63.0
65,12/5/17,41792,85008,381,252686,57.0
66,12/6/17,46335,87328,368,252724,55.0
67,12/7/17,45367,94653,427,252761,65.0
68,12/8/17,41330,81217,443,252791,58.0
69,12/9/17,10804,20955,112,252811,15.0
70,12/10/17,19815,43621,287,252830,26.0
71,12/11/17,41838,81071,456,252869,38.0
72,12/12/17,42620,88499,262,252915,42.0
73,12/13/17,32623,60051,155,252942,20.0
74,12/14/17,27494,49648,134,252960,10.0
75,12/15/17,22944,41598,130,252980,9.0
76,12/16/17,19060,38766,240,252992,24.0
77,12/17/17,22403,49790,343,253011,27.0
78,12/18/17,40168,79914,409,253054,34.0
79,12/19/17,49503,97301,541,253087,42.0
80,12/20/17,41461,78833,422,253142,40.0
81,12/21/17,37592,70297,386,253180,47.0
82,12/22/17,34338,62387,506,253212,23.0
83,12/23/17,9608,24205,112,253228,10.0
84,12/24/17,13215,37985,492,253250,39.0
85,12/25/17,6479,26767,439,253293,27.0
86,12/26/17,14113,32919,220,253324,29.0
87,12/27/17,16365,31793,234,253346,33.0
88,12/28/17,13419,34438,121,253365,17.0
89,12/29/17,13759,29284,177,253395,17.0
90,12/30/17,5956,13910,53,253407,10.0
91,12/31/17,6569,18326,94,253443,2.0
0,10/1/18,71387,120257,2618,290631,307.0
1,10/2/18,73113,122234,2666,290788,195.0
2,10/3/18,76769,129720,3141,290947,199.0
3,10/4/18,70698,116337,2838,291073,222.0
4,10/5/18,74744,129597,3979,291166,254.0
5,10/6/18,57599,110421,5658,291298,310.0
6,10/7/18,60753,127033,6936,291425,277.0
7,10/8/18,58256,95097,2865,291549,121.0
8,10/9/18,74251,123973,2846,291672,207.0
9,10/10/18,77317,132255,3115,291765,202.0
10,10/11/18,46862,70173,1323,291862,59.0
11,10/12/18,67686,113055,3453,291962,255.0
12,10/13/18,54747,100652,2430,292029,125.0
13,10/14/18,54297,103697,4805,292158,204.0
14,10/15/18,59181,92219,1958,292262,95.0
15,10/16/18,66661,104171,2200,292370,158.0
16,10/17/18,67868,107762,2341,292469,134.0
17,10/18/18,61668,94356,1969,292519,143.0
18,10/19/18,64735,105730,3012,292604,192.0
19,10/20/18,56281,109142,5644,292711,309.0
20,10/21/18,39192,64764,2488,292811,100.0
21,10/22/18,57919,88293,1721,292899,133.0
22,10/23/18,68086,110293,2356,292992,181.0
23,10/24/18,64203,98615,1942,293077,97.0
24,10/25/18,61637,95827,2003,293309,146.0
25,10/26/18,59861,92569,2292,293508,131.0
26,10/27/18,13124,17949,333,293542,11.0
27,10/28/18,42502,74540,3134,293611,154.0
28,10/29/18,60028,92882,1853,293722,156.0
29,10/30/18,65545,102834,1957,293819,141.0
30,10/31/18,68447,114039,2544,294007,225.0
31,11/1/18,74260,128502,3288,294111,245.0
32,11/2/18,63746,105906,2817,294186,237.0
33,11/3/18,49127,89639,4200,294256,199.0
34,11/4/18,50713,98021,5107,294329,99.0
35,11/5/18,33345,47328,776,294396,31.0
36,11/6/18,40271,56313,1186,294442,29.0
37,11/7/18,67925,112354,2590,294527,189.0
38,11/8/18,64441,103621,2191,294595,146.0
39,11/9/18,36952,54282,1064,294647,63.0
40,11/10/18,37809,63740,2649,294689,132.0
41,11/11/18,36612,64197,2763,294744,78.0
42,11/12/18,51341,79338,1707,294792,79.0
43,11/13/18,36957,52453,751,294838,27.0
44,11/14/18,49621,70932,935,294882,30.0
45,11/15/18,24948,35594,407,294900,24.0
46,11/16/18,34447,49576,761,294915,48.0
47,11/17/18,37974,61206,2257,294951,56.0
48,11/18/18,34390,55093,1916,294988,45.0
49,11/19/18,54540,83935,1522,295037,84.0
50,11/20/18,51910,75746,1259,295070,37.0
51,11/21/18,40417,58441,1050,295112,39.0
52,11/22/18,8798,12626,369,295200,20.0
53,11/23/18,16107,23143,597,295439,26.0
54,11/24/18,20087,32011,1137,295530,41.0
55,11/25/18,34519,60831,2521,295688,36.0
56,11/26/18,29189,42333,499,296251,18.0
57,11/27/18,49979,74556,802,296351,31.0
58,11/28/18,48433,69352,777,296405,29.0
59,11/29/18,51468,76715,1054,296452,51.0
60,11/30/18,46001,67098,1065,296497,47.0
61,12/1/18,37989,62304,2256,296553,37.0
62,12/2/18,18418,26501,554,296584,11.0
63,12/3/18,53974,85524,1308,296664,62.0
64,12/4/18,49058,71843,867,296708,27.0
65,12/5/18,46779,67536,814,296753,38.0
66,12/6/18,46543,66885,910,296798,40.0
67,12/7/18,43841,63353,948,296843,52.0
68,12/8/18,29909,44552,1271,296867,46.0
69,12/9/18,27547,40886,1064,296897,23.0
70,12/10/18,43358,62699,762,296938,25.0
71,12/11/18,47335,68321,823,296974,20.0
72,12/12/18,47717,68600,748,297005,28.0
73,12/13/18,40736,57295,593,297042,14.0
74,12/14/18,44775,66633,1137,297078,44.0
75,12/15/18,36423,57244,1902,297119,45.0
76,12/16/18,9835,13599,203,297131,4.0
77,12/17/18,45382,66449,909,297173,32.0
78,12/18/18,41703,58360,656,297205,22.0
79,12/19/18,44096,63165,877,297238,22.0
80,12/20/18,34026,48713,751,297269,20.0
81,12/21/18,23996,34450,481,297290,24.0
82,12/22/18,24870,36653,1088,297327,25.0
83,12/23/18,22230,35921,1298,297355,37.0
84,12/24/18,18990,27246,681,297387,18.0
85,12/25/18,11177,21483,1080,297426,38.0
86,12/26/18,25358,39176,1118,297487,49.0
87,12/27/18,31169,48943,1510,297527,51.0
88,12/28/18,12039,17576,334,297555,25.0
89,12/29/18,29037,54116,2677,297622,104.0
90,12/30/18,22536,37741,1562,297682,51.0
91,12/31/18,18936,29794,962,297748,31.0
